"Status","Start Time","Stop Time","Duration in ms","Parent Suite","Suite","Sub Suite","Test Class","Test Method","Name","Description"
"failed","Sun Aug 23 11:48:41 UTC 2026","Sun Aug 23 11:48:46 UTC 2026","5219","tests","test_home","","","","test_validate_home_screen[chromium]",""
"broken","Sun Aug 23 11:48:40 UTC 2026","Sun Aug 23 11:48:40 UTC 2026","0","tests","test_dataHandling","","","","test_jsonHandling",""
"broken","Sun Aug 23 11:48:41 UTC 2026","Sun Aug 23 11:49:12 UTC 2026","30009","tests","test_login","","","","test_positivelogin[chromium]",""
"broken","Sun Aug 23 11:48:40 UTC 2026","Sun Aug 23 11:48:40 UTC 2026","0","tests","test_dataHandling","","","","test_csvHandling",""
"passed","Sun Aug 23 11:48:40 UTC 2026","Sun Aug 23 11:48:40 UTC 2026","1","tests","test_dataHandling","","","","test_cli",""
"broken","Sun Aug 23 11:48:40 UTC 2026","Sun Aug 23 11:48:40 UTC 2026","0","tests","test_dataHandling","","","","test_excel",""
"broken","Sun Aug 23 11:48:40 UTC 2026","Sun Aug 23 11:48:40 UTC 2026","0","tests","test_dataHandling","","","","test_excel_write",""
"broken","Sun Aug 23 11:48:41 UTC 2026","Sun Aug 23 11:49:11 UTC 2026","30008","tests","test_results","","","","test_validate_results_screen[chromium]",""
"passed","Sun Aug 23 11:48:44 UTC 2026","Sun Aug 23 11:48:47 UTC 2026","3414","tests","test_login","","","","test_negitiveLogin_pwInvalid[chromium]",""
